"date","label","value","VECTOR","DECIMALS","is_ratio","group","display_order"
2011-03-01,"Construction",12.5,"v1642751209","1",FALSE,"Industry",5
2011-04-01,"Construction",12.8,"v1642751209","1",FALSE,"Industry",5
2011-05-01,"Construction",13.2,"v1642751209","1",FALSE,"Industry",5
2011-06-01,"Construction",13.9,"v1642751209","1",FALSE,"Industry",5
2011-07-01,"Construction",14.3,"v1642751209","1",FALSE,"Industry",5
2011-08-01,"Construction",14.1,"v1642751209","1",FALSE,"Industry",5
2011-09-01,"Construction",13,"v1642751209","1",FALSE,"Industry",5
2011-10-01,"Construction",12.2,"v1642751209","1",FALSE,"Industry",5
2011-11-01,"Construction",11.7,"v1642751209","1",FALSE,"Industry",5
2011-12-01,"Construction",12,"v1642751209","1",FALSE,"Industry",5
2012-01-01,"Construction",12.2,"v1642751209","1",FALSE,"Industry",5
2012-02-01,"Construction",13.3,"v1642751209","1",FALSE,"Industry",5
2012-03-01,"Construction",14.3,"v1642751209","1",FALSE,"Industry",5
2012-04-01,"Construction",16.1,"v1642751209","1",FALSE,"Industry",5
2012-05-01,"Construction",17.2,"v1642751209","1",FALSE,"Industry",5
2012-06-01,"Construction",18.3,"v1642751209","1",FALSE,"Industry",5
2012-07-01,"Construction",19,"v1642751209","1",FALSE,"Industry",5
2012-08-01,"Construction",18.6,"v1642751209","1",FALSE,"Industry",5
2012-09-01,"Construction",18,"v1642751209","1",FALSE,"Industry",5
2012-10-01,"Construction",16.8,"v1642751209","1",FALSE,"Industry",5
2012-11-01,"Construction",16,"v1642751209","1",FALSE,"Industry",5
2012-12-01,"Construction",16,"v1642751209","1",FALSE,"Industry",5
2013-01-01,"Construction",16.5,"v1642751209","1",FALSE,"Industry",5
2013-02-01,"Construction",17.2,"v1642751209","1",FALSE,"Industry",5
2013-03-01,"Construction",17.3,"v1642751209","1",FALSE,"Industry",5
2013-04-01,"Construction",16.9,"v1642751209","1",FALSE,"Industry",5
2013-05-01,"Construction",17.4,"v1642751209","1",FALSE,"Industry",5
2013-06-01,"Construction",18.4,"v1642751209","1",FALSE,"Industry",5
2013-07-01,"Construction",20.5,"v1642751209","1",FALSE,"Industry",5
2013-08-01,"Construction",21.3,"v1642751209","1",FALSE,"Industry",5
2013-09-01,"Construction",20.6,"v1642751209","1",FALSE,"Industry",5
2013-10-01,"Construction",19.2,"v1642751209","1",FALSE,"Industry",5
2013-11-01,"Construction",18,"v1642751209","1",FALSE,"Industry",5
2013-12-01,"Construction",17.9,"v1642751209","1",FALSE,"Industry",5
2014-01-01,"Construction",16.6,"v1642751209","1",FALSE,"Industry",5
2014-02-01,"Construction",16.1,"v1642751209","1",FALSE,"Industry",5
2014-03-01,"Construction",16,"v1642751209","1",FALSE,"Industry",5
2014-04-01,"Construction",17.3,"v1642751209","1",FALSE,"Industry",5
2014-05-01,"Construction",18.4,"v1642751209","1",FALSE,"Industry",5
2014-06-01,"Construction",19.2,"v1642751209","1",FALSE,"Industry",5
2014-07-01,"Construction",20.3,"v1642751209","1",FALSE,"Industry",5
2014-08-01,"Construction",20.3,"v1642751209","1",FALSE,"Industry",5
2014-09-01,"Construction",19.9,"v1642751209","1",FALSE,"Industry",5
2014-10-01,"Construction",18.9,"v1642751209","1",FALSE,"Industry",5
2014-11-01,"Construction",19.3,"v1642751209","1",FALSE,"Industry",5
2014-12-01,"Construction",18.8,"v1642751209","1",FALSE,"Industry",5
2015-01-01,"Construction",17.5,"v1642751209","1",FALSE,"Industry",5
2015-02-01,"Construction",16.7,"v1642751209","1",FALSE,"Industry",5
2015-03-01,"Construction",16.8,"v1642751209","1",FALSE,"Industry",5
2015-04-01,"Construction",18.1,"v1642751209","1",FALSE,"Industry",5
2015-05-01,"Construction",18.5,"v1642751209","1",FALSE,"Industry",5
2015-06-01,"Construction",19.6,"v1642751209","1",FALSE,"Industry",5
2015-07-01,"Construction",20.1,"v1642751209","1",FALSE,"Industry",5
2015-08-01,"Construction",20.4,"v1642751209","1",FALSE,"Industry",5
2015-09-01,"Construction",20.3,"v1642751209","1",FALSE,"Industry",5
2015-10-01,"Construction",20.1,"v1642751209","1",FALSE,"Industry",5
2015-11-01,"Construction",19.5,"v1642751209","1",FALSE,"Industry",5
2015-12-01,"Construction",18.5,"v1642751209","1",FALSE,"Industry",5
2016-01-01,"Construction",17.1,"v1642751209","1",FALSE,"Industry",5
2016-02-01,"Construction",16.1,"v1642751209","1",FALSE,"Industry",5
2016-03-01,"Construction",15.8,"v1642751209","1",FALSE,"Industry",5
2016-04-01,"Construction",16.2,"v1642751209","1",FALSE,"Industry",5
2016-05-01,"Construction",16.9,"v1642751209","1",FALSE,"Industry",5
2016-06-01,"Construction",17.2,"v1642751209","1",FALSE,"Industry",5
2016-07-01,"Construction",17.7,"v1642751209","1",FALSE,"Industry",5
2016-08-01,"Construction",18.1,"v1642751209","1",FALSE,"Industry",5
2016-09-01,"Construction",17.7,"v1642751209","1",FALSE,"Industry",5
2016-10-01,"Construction",17.5,"v1642751209","1",FALSE,"Industry",5
2016-11-01,"Construction",17.4,"v1642751209","1",FALSE,"Industry",5
2016-12-01,"Construction",17.6,"v1642751209","1",FALSE,"Industry",5
2017-01-01,"Construction",17,"v1642751209","1",FALSE,"Industry",5
2017-02-01,"Construction",16.5,"v1642751209","1",FALSE,"Industry",5
2017-03-01,"Construction",15.7,"v1642751209","1",FALSE,"Industry",5
2017-04-01,"Construction",15.6,"v1642751209","1",FALSE,"Industry",5
2017-05-01,"Construction",16.1,"v1642751209","1",FALSE,"Industry",5
2017-06-01,"Construction",17.1,"v1642751209","1",FALSE,"Industry",5
2017-07-01,"Construction",18.2,"v1642751209","1",FALSE,"Industry",5
2017-08-01,"Construction",18.5,"v1642751209","1",FALSE,"Industry",5
2017-09-01,"Construction",18.1,"v1642751209","1",FALSE,"Industry",5
2017-10-01,"Construction",17.4,"v1642751209","1",FALSE,"Industry",5
2017-11-01,"Construction",16.3,"v1642751209","1",FALSE,"Industry",5
2017-12-01,"Construction",15.3,"v1642751209","1",FALSE,"Industry",5
2018-01-01,"Construction",13.8,"v1642751209","1",FALSE,"Industry",5
2018-02-01,"Construction",12.8,"v1642751209","1",FALSE,"Industry",5
2018-03-01,"Construction",12.7,"v1642751209","1",FALSE,"Industry",5
2018-04-01,"Construction",13.6,"v1642751209","1",FALSE,"Industry",5
2018-05-01,"Construction",15.2,"v1642751209","1",FALSE,"Industry",5
2018-06-01,"Construction",16.3,"v1642751209","1",FALSE,"Industry",5
2018-07-01,"Construction",17.1,"v1642751209","1",FALSE,"Industry",5
2018-08-01,"Construction",16.8,"v1642751209","1",FALSE,"Industry",5
2018-09-01,"Construction",16.4,"v1642751209","1",FALSE,"Industry",5
2018-10-01,"Construction",16.1,"v1642751209","1",FALSE,"Industry",5
2018-11-01,"Construction",16.1,"v1642751209","1",FALSE,"Industry",5
2018-12-01,"Construction",15.4,"v1642751209","1",FALSE,"Industry",5
2019-01-01,"Construction",14.2,"v1642751209","1",FALSE,"Industry",5
2019-02-01,"Construction",12.9,"v1642751209","1",FALSE,"Industry",5
2019-03-01,"Construction",12.7,"v1642751209","1",FALSE,"Industry",5
2019-04-01,"Construction",13.1,"v1642751209","1",FALSE,"Industry",5
2019-05-01,"Construction",13.5,"v1642751209","1",FALSE,"Industry",5
2019-06-01,"Construction",14.3,"v1642751209","1",FALSE,"Industry",5
2019-07-01,"Construction",15,"v1642751209","1",FALSE,"Industry",5
2019-08-01,"Construction",15.5,"v1642751209","1",FALSE,"Industry",5
2019-09-01,"Construction",15.5,"v1642751209","1",FALSE,"Industry",5
2019-10-01,"Construction",15.3,"v1642751209","1",FALSE,"Industry",5
2019-11-01,"Construction",14.8,"v1642751209","1",FALSE,"Industry",5
2019-12-01,"Construction",14,"v1642751209","1",FALSE,"Industry",5
2020-01-01,"Construction",13.1,"v1642751209","1",FALSE,"Industry",5
2020-02-01,"Construction",12.4,"v1642751209","1",FALSE,"Industry",5
2020-03-01,"Construction",12.4,"v1642751209","1",FALSE,"Industry",5
2020-04-01,"Construction",11.7,"v1642751209","1",FALSE,"Industry",5
2020-05-01,"Construction",11.7,"v1642751209","1",FALSE,"Industry",5
2020-06-01,"Construction",12.3,"v1642751209","1",FALSE,"Industry",5
2020-07-01,"Construction",13.9,"v1642751209","1",FALSE,"Industry",5
2020-08-01,"Construction",15.2,"v1642751209","1",FALSE,"Industry",5
2020-09-01,"Construction",14.9,"v1642751209","1",FALSE,"Industry",5
2020-10-01,"Construction",14.3,"v1642751209","1",FALSE,"Industry",5
2020-11-01,"Construction",13.5,"v1642751209","1",FALSE,"Industry",5
2020-12-01,"Construction",12.5,"v1642751209","1",FALSE,"Industry",5
2021-01-01,"Construction",12.1,"v1642751209","1",FALSE,"Industry",5
2021-02-01,"Construction",12.1,"v1642751209","1",FALSE,"Industry",5
2021-03-01,"Construction",13.4,"v1642751209","1",FALSE,"Industry",5
2021-04-01,"Construction",14.5,"v1642751209","1",FALSE,"Industry",5
2021-05-01,"Construction",14.4,"v1642751209","1",FALSE,"Industry",5
2021-06-01,"Construction",13.9,"v1642751209","1",FALSE,"Industry",5
2021-07-01,"Construction",13.9,"v1642751209","1",FALSE,"Industry",5
2021-08-01,"Construction",14.6,"v1642751209","1",FALSE,"Industry",5
2021-09-01,"Construction",14.4,"v1642751209","1",FALSE,"Industry",5
2021-10-01,"Construction",14.1,"v1642751209","1",FALSE,"Industry",5
2021-11-01,"Construction",13.2,"v1642751209","1",FALSE,"Industry",5
2021-12-01,"Construction",13.3,"v1642751209","1",FALSE,"Industry",5
2022-01-01,"Construction",12.9,"v1642751209","1",FALSE,"Industry",5
2022-02-01,"Construction",13.4,"v1642751209","1",FALSE,"Industry",5
2022-03-01,"Construction",14.6,"v1642751209","1",FALSE,"Industry",5
2022-04-01,"Construction",15.9,"v1642751209","1",FALSE,"Industry",5
2022-05-01,"Construction",17.4,"v1642751209","1",FALSE,"Industry",5
2022-06-01,"Construction",18.7,"v1642751209","1",FALSE,"Industry",5
2022-07-01,"Construction",19.5,"v1642751209","1",FALSE,"Industry",5
2022-08-01,"Construction",19,"v1642751209","1",FALSE,"Industry",5
2022-09-01,"Construction",17.5,"v1642751209","1",FALSE,"Industry",5
2022-10-01,"Construction",16.3,"v1642751209","1",FALSE,"Industry",5
2022-11-01,"Construction",15.6,"v1642751209","1",FALSE,"Industry",5
2022-12-01,"Construction",15.3,"v1642751209","1",FALSE,"Industry",5
2023-01-01,"Construction",15.7,"v1642751209","1",FALSE,"Industry",5
2023-02-01,"Construction",15.8,"v1642751209","1",FALSE,"Industry",5
2023-03-01,"Construction",16.1,"v1642751209","1",FALSE,"Industry",5
2023-04-01,"Construction",15.5,"v1642751209","1",FALSE,"Industry",5
2023-05-01,"Construction",15.7,"v1642751209","1",FALSE,"Industry",5
2023-06-01,"Construction",16,"v1642751209","1",FALSE,"Industry",5
2023-07-01,"Construction",16.7,"v1642751209","1",FALSE,"Industry",5
2023-08-01,"Construction",16.5,"v1642751209","1",FALSE,"Industry",5
2023-09-01,"Construction",16.3,"v1642751209","1",FALSE,"Industry",5
2023-10-01,"Construction",15.9,"v1642751209","1",FALSE,"Industry",5
2023-11-01,"Construction",15.3,"v1642751209","1",FALSE,"Industry",5
2023-12-01,"Construction",14.3,"v1642751209","1",FALSE,"Industry",5
2024-01-01,"Construction",13.4,"v1642751209","1",FALSE,"Industry",5
2024-02-01,"Construction",13.2,"v1642751209","1",FALSE,"Industry",5
2024-03-01,"Construction",13.5,"v1642751209","1",FALSE,"Industry",5
2024-04-01,"Construction",13.5,"v1642751209","1",FALSE,"Industry",5
2024-05-01,"Construction",14.3,"v1642751209","1",FALSE,"Industry",5
2024-06-01,"Construction",15.6,"v1642751209","1",FALSE,"Industry",5
2024-07-01,"Construction",17.1,"v1642751209","1",FALSE,"Industry",5
2024-08-01,"Construction",17.4,"v1642751209","1",FALSE,"Industry",5
2024-09-01,"Construction",17.2,"v1642751209","1",FALSE,"Industry",5
2024-10-01,"Construction",17.1,"v1642751209","1",FALSE,"Industry",5
2024-11-01,"Construction",17.4,"v1642751209","1",FALSE,"Industry",5
2024-12-01,"Construction",17.2,"v1642751209","1",FALSE,"Industry",5
2025-01-01,"Construction",16.7,"v1642751209","1",FALSE,"Industry",5
2025-02-01,"Construction",16.1,"v1642751209","1",FALSE,"Industry",5
2025-03-01,"Construction",15.5,"v1642751209","1",FALSE,"Industry",5
2025-04-01,"Construction",15.2,"v1642751209","1",FALSE,"Industry",5
2025-05-01,"Construction",16.1,"v1642751209","1",FALSE,"Industry",5
2025-06-01,"Construction",17.3,"v1642751209","1",FALSE,"Industry",5
2025-07-01,"Construction",18,"v1642751209","1",FALSE,"Industry",5
2025-08-01,"Construction",17.3,"v1642751209","1",FALSE,"Industry",5
2025-09-01,"Construction",16.3,"v1642751209","1",FALSE,"Industry",5
2025-10-01,"Construction",16.3,"v1642751209","1",FALSE,"Industry",5
2025-11-01,"Construction",16.7,"v1642751209","1",FALSE,"Industry",5
2025-12-01,"Construction",17.3,"v1642751209","1",FALSE,"Industry",5
2026-01-01,"Construction",17.3,"v1642751209","1",FALSE,"Industry",5
2026-02-01,"Construction",17.4,"v1642751209","1",FALSE,"Industry",5
2026-03-01,"Construction",17.3,"v1642751209","1",FALSE,"Industry",5
2026-04-01,"Construction",16.6,"v1642751209","1",FALSE,"Industry",5
2026-05-01,"Construction",16.5,"v1642751209","1",FALSE,"Industry",5
2026-06-01,"Construction",17,"v1642751209","1",FALSE,"Industry",5
2026-07-01,"Construction",18.3,"v1642751209","1",FALSE,"Industry",5
2026-08-01,"Construction",18.9,"v1642751209","1",FALSE,"Industry",5
