"date","label","value","VECTOR","DECIMALS","estimate","unit_type","panel_label","is_ratio","display_order"
2000-01-01,"Housing starts | Single-detached units",26,"v42127401","0","Housing starts","Single-detached units","Housing Starts — Single-Detached",FALSE,2
2000-02-01,"Housing starts | Single-detached units",25,"v42127401","0","Housing starts","Single-detached units","Housing Starts — Single-Detached",FALSE,2
2000-03-01,"Housing starts | Single-detached units",38,"v42127401","0","Housing starts","Single-detached units","Housing Starts — Single-Detached",FALSE,2
2000-04-01,"Housing starts | Single-detached units",59,"v42127401","0","Housing starts","Single-detached units","Housing Starts — Single-Detached",FALSE,2
2000-05-01,"Housing starts | Single-detached units",132,"v42127401","0","Housing starts","Single-detached units","Housing Starts — Single-Detached",FALSE,2
2000-06-01,"Housing starts | Single-detached units",60,"v42127401","0","Housing starts","Single-detached units","Housing Starts — Single-Detached",FALSE,2
2000-07-01,"Housing starts | Single-detached units",52,"v42127401","0","Housing starts","Single-detached units","Housing Starts — Single-Detached",FALSE,2
2000-08-01,"Housing starts | Single-detached units",69,"v42127401","0","Housing starts","Single-detached units","Housing Starts — Single-Detached",FALSE,2
2000-09-01,"Housing starts | Single-detached units",38,"v42127401","0","Housing starts","Single-detached units","Housing Starts — Single-Detached",FALSE,2
2000-10-01,"Housing starts | Single-detached units",49,"v42127401","0","Housing starts","Single-detached units","Housing Starts — Single-Detached",FALSE,2
2000-11-01,"Housing starts | Single-detached units",42,"v42127401","0","Housing starts","Single-detached units","Housing Starts — Single-Detached",FALSE,2
2000-12-01,"Housing starts | Single-detached units",12,"v42127401","0","Housing starts","Single-detached units","Housing Starts — Single-Detached",FALSE,2
2001-01-01,"Housing starts | Single-detached units",38,"v42127401","0","Housing starts","Single-detached units","Housing Starts — Single-Detached",FALSE,2
2001-02-01,"Housing starts | Single-detached units",30,"v42127401","0","Housing starts","Single-detached units","Housing Starts — Single-Detached",FALSE,2
2001-03-01,"Housing starts | Single-detached units",46,"v42127401","0","Housing starts","Single-detached units","Housing Starts — Single-Detached",FALSE,2
2001-04-01,"Housing starts | Single-detached units",48,"v42127401","0","Housing starts","Single-detached units","Housing Starts — Single-Detached",FALSE,2
2001-05-01,"Housing starts | Single-detached units",52,"v42127401","0","Housing starts","Single-detached units","Housing Starts — Single-Detached",FALSE,2
2001-06-01,"Housing starts | Single-detached units",56,"v42127401","0","Housing starts","Single-detached units","Housing Starts — Single-Detached",FALSE,2
2001-07-01,"Housing starts | Single-detached units",51,"v42127401","0","Housing starts","Single-detached units","Housing Starts — Single-Detached",FALSE,2
2001-08-01,"Housing starts | Single-detached units",36,"v42127401","0","Housing starts","Single-detached units","Housing Starts — Single-Detached",FALSE,2
2001-09-01,"Housing starts | Single-detached units",52,"v42127401","0","Housing starts","Single-detached units","Housing Starts — Single-Detached",FALSE,2
2001-10-01,"Housing starts | Single-detached units",54,"v42127401","0","Housing starts","Single-detached units","Housing Starts — Single-Detached",FALSE,2
2001-11-01,"Housing starts | Single-detached units",41,"v42127401","0","Housing starts","Single-detached units","Housing Starts — Single-Detached",FALSE,2
2001-12-01,"Housing starts | Single-detached units",38,"v42127401","0","Housing starts","Single-detached units","Housing Starts — Single-Detached",FALSE,2
2002-01-01,"Housing starts | Single-detached units",42,"v42127401","0","Housing starts","Single-detached units","Housing Starts — Single-Detached",FALSE,2
2002-02-01,"Housing starts | Single-detached units",37,"v42127401","0","Housing starts","Single-detached units","Housing Starts — Single-Detached",FALSE,2
2002-03-01,"Housing starts | Single-detached units",37,"v42127401","0","Housing starts","Single-detached units","Housing Starts — Single-Detached",FALSE,2
2002-04-01,"Housing starts | Single-detached units",59,"v42127401","0","Housing starts","Single-detached units","Housing Starts — Single-Detached",FALSE,2
2002-05-01,"Housing starts | Single-detached units",86,"v42127401","0","Housing starts","Single-detached units","Housing Starts — Single-Detached",FALSE,2
2002-06-01,"Housing starts | Single-detached units",69,"v42127401","0","Housing starts","Single-detached units","Housing Starts — Single-Detached",FALSE,2
2002-07-01,"Housing starts | Single-detached units",70,"v42127401","0","Housing starts","Single-detached units","Housing Starts — Single-Detached",FALSE,2
2002-08-01,"Housing starts | Single-detached units",54,"v42127401","0","Housing starts","Single-detached units","Housing Starts — Single-Detached",FALSE,2
2002-09-01,"Housing starts | Single-detached units",97,"v42127401","0","Housing starts","Single-detached units","Housing Starts — Single-Detached",FALSE,2
2002-10-01,"Housing starts | Single-detached units",56,"v42127401","0","Housing starts","Single-detached units","Housing Starts — Single-Detached",FALSE,2
2002-11-01,"Housing starts | Single-detached units",45,"v42127401","0","Housing starts","Single-detached units","Housing Starts — Single-Detached",FALSE,2
2002-12-01,"Housing starts | Single-detached units",39,"v42127401","0","Housing starts","Single-detached units","Housing Starts — Single-Detached",FALSE,2
2003-01-01,"Housing starts | Single-detached units",30,"v42127401","0","Housing starts","Single-detached units","Housing Starts — Single-Detached",FALSE,2
2003-02-01,"Housing starts | Single-detached units",32,"v42127401","0","Housing starts","Single-detached units","Housing Starts — Single-Detached",FALSE,2
2003-03-01,"Housing starts | Single-detached units",61,"v42127401","0","Housing starts","Single-detached units","Housing Starts — Single-Detached",FALSE,2
2003-04-01,"Housing starts | Single-detached units",53,"v42127401","0","Housing starts","Single-detached units","Housing Starts — Single-Detached",FALSE,2
2003-05-01,"Housing starts | Single-detached units",77,"v42127401","0","Housing starts","Single-detached units","Housing Starts — Single-Detached",FALSE,2
2003-06-01,"Housing starts | Single-detached units",69,"v42127401","0","Housing starts","Single-detached units","Housing Starts — Single-Detached",FALSE,2
2003-07-01,"Housing starts | Single-detached units",73,"v42127401","0","Housing starts","Single-detached units","Housing Starts — Single-Detached",FALSE,2
2003-08-01,"Housing starts | Single-detached units",67,"v42127401","0","Housing starts","Single-detached units","Housing Starts — Single-Detached",FALSE,2
2003-09-01,"Housing starts | Single-detached units",57,"v42127401","0","Housing starts","Single-detached units","Housing Starts — Single-Detached",FALSE,2
2003-10-01,"Housing starts | Single-detached units",65,"v42127401","0","Housing starts","Single-detached units","Housing Starts — Single-Detached",FALSE,2
2003-11-01,"Housing starts | Single-detached units",58,"v42127401","0","Housing starts","Single-detached units","Housing Starts — Single-Detached",FALSE,2
2003-12-01,"Housing starts | Single-detached units",34,"v42127401","0","Housing starts","Single-detached units","Housing Starts — Single-Detached",FALSE,2
2004-01-01,"Housing starts | Single-detached units",29,"v42127401","0","Housing starts","Single-detached units","Housing Starts — Single-Detached",FALSE,2
2004-02-01,"Housing starts | Single-detached units",37,"v42127401","0","Housing starts","Single-detached units","Housing Starts — Single-Detached",FALSE,2
2004-03-01,"Housing starts | Single-detached units",45,"v42127401","0","Housing starts","Single-detached units","Housing Starts — Single-Detached",FALSE,2
2004-04-01,"Housing starts | Single-detached units",66,"v42127401","0","Housing starts","Single-detached units","Housing Starts — Single-Detached",FALSE,2
2004-05-01,"Housing starts | Single-detached units",66,"v42127401","0","Housing starts","Single-detached units","Housing Starts — Single-Detached",FALSE,2
2004-06-01,"Housing starts | Single-detached units",116,"v42127401","0","Housing starts","Single-detached units","Housing Starts — Single-Detached",FALSE,2
2004-07-01,"Housing starts | Single-detached units",75,"v42127401","0","Housing starts","Single-detached units","Housing Starts — Single-Detached",FALSE,2
2004-08-01,"Housing starts | Single-detached units",77,"v42127401","0","Housing starts","Single-detached units","Housing Starts — Single-Detached",FALSE,2
2004-09-01,"Housing starts | Single-detached units",85,"v42127401","0","Housing starts","Single-detached units","Housing Starts — Single-Detached",FALSE,2
2004-10-01,"Housing starts | Single-detached units",60,"v42127401","0","Housing starts","Single-detached units","Housing Starts — Single-Detached",FALSE,2
2004-11-01,"Housing starts | Single-detached units",46,"v42127401","0","Housing starts","Single-detached units","Housing Starts — Single-Detached",FALSE,2
2004-12-01,"Housing starts | Single-detached units",51,"v42127401","0","Housing starts","Single-detached units","Housing Starts — Single-Detached",FALSE,2
2005-01-01,"Housing starts | Single-detached units",25,"v42127401","0","Housing starts","Single-detached units","Housing Starts — Single-Detached",FALSE,2
2005-02-01,"Housing starts | Single-detached units",43,"v42127401","0","Housing starts","Single-detached units","Housing Starts — Single-Detached",FALSE,2
2005-03-01,"Housing starts | Single-detached units",50,"v42127401","0","Housing starts","Single-detached units","Housing Starts — Single-Detached",FALSE,2
2005-04-01,"Housing starts | Single-detached units",77,"v42127401","0","Housing starts","Single-detached units","Housing Starts — Single-Detached",FALSE,2
2005-05-01,"Housing starts | Single-detached units",87,"v42127401","0","Housing starts","Single-detached units","Housing Starts — Single-Detached",FALSE,2
2005-06-01,"Housing starts | Single-detached units",76,"v42127401","0","Housing starts","Single-detached units","Housing Starts — Single-Detached",FALSE,2
2005-07-01,"Housing starts | Single-detached units",61,"v42127401","0","Housing starts","Single-detached units","Housing Starts — Single-Detached",FALSE,2
2005-08-01,"Housing starts | Single-detached units",72,"v42127401","0","Housing starts","Single-detached units","Housing Starts — Single-Detached",FALSE,2
2005-09-01,"Housing starts | Single-detached units",53,"v42127401","0","Housing starts","Single-detached units","Housing Starts — Single-Detached",FALSE,2
2005-10-01,"Housing starts | Single-detached units",80,"v42127401","0","Housing starts","Single-detached units","Housing Starts — Single-Detached",FALSE,2
2005-11-01,"Housing starts | Single-detached units",83,"v42127401","0","Housing starts","Single-detached units","Housing Starts — Single-Detached",FALSE,2
2005-12-01,"Housing starts | Single-detached units",44,"v42127401","0","Housing starts","Single-detached units","Housing Starts — Single-Detached",FALSE,2
2006-01-01,"Housing starts | Single-detached units",47,"v42127401","0","Housing starts","Single-detached units","Housing Starts — Single-Detached",FALSE,2
2006-02-01,"Housing starts | Single-detached units",50,"v42127401","0","Housing starts","Single-detached units","Housing Starts — Single-Detached",FALSE,2
2006-03-01,"Housing starts | Single-detached units",48,"v42127401","0","Housing starts","Single-detached units","Housing Starts — Single-Detached",FALSE,2
2006-04-01,"Housing starts | Single-detached units",60,"v42127401","0","Housing starts","Single-detached units","Housing Starts — Single-Detached",FALSE,2
2006-05-01,"Housing starts | Single-detached units",109,"v42127401","0","Housing starts","Single-detached units","Housing Starts — Single-Detached",FALSE,2
2006-06-01,"Housing starts | Single-detached units",100,"v42127401","0","Housing starts","Single-detached units","Housing Starts — Single-Detached",FALSE,2
2006-07-01,"Housing starts | Single-detached units",102,"v42127401","0","Housing starts","Single-detached units","Housing Starts — Single-Detached",FALSE,2
2006-08-01,"Housing starts | Single-detached units",66,"v42127401","0","Housing starts","Single-detached units","Housing Starts — Single-Detached",FALSE,2
2006-09-01,"Housing starts | Single-detached units",92,"v42127401","0","Housing starts","Single-detached units","Housing Starts — Single-Detached",FALSE,2
2006-10-01,"Housing starts | Single-detached units",121,"v42127401","0","Housing starts","Single-detached units","Housing Starts — Single-Detached",FALSE,2
2006-11-01,"Housing starts | Single-detached units",91,"v42127401","0","Housing starts","Single-detached units","Housing Starts — Single-Detached",FALSE,2
2006-12-01,"Housing starts | Single-detached units",73,"v42127401","0","Housing starts","Single-detached units","Housing Starts — Single-Detached",FALSE,2
2007-01-01,"Housing starts | Single-detached units",59,"v42127401","0","Housing starts","Single-detached units","Housing Starts — Single-Detached",FALSE,2
2007-02-01,"Housing starts | Single-detached units",73,"v42127401","0","Housing starts","Single-detached units","Housing Starts — Single-Detached",FALSE,2
2007-03-01,"Housing starts | Single-detached units",92,"v42127401","0","Housing starts","Single-detached units","Housing Starts — Single-Detached",FALSE,2
2007-04-01,"Housing starts | Single-detached units",165,"v42127401","0","Housing starts","Single-detached units","Housing Starts — Single-Detached",FALSE,2
2007-05-01,"Housing starts | Single-detached units",188,"v42127401","0","Housing starts","Single-detached units","Housing Starts — Single-Detached",FALSE,2
2007-06-01,"Housing starts | Single-detached units",179,"v42127401","0","Housing starts","Single-detached units","Housing Starts — Single-Detached",FALSE,2
2007-07-01,"Housing starts | Single-detached units",143,"v42127401","0","Housing starts","Single-detached units","Housing Starts — Single-Detached",FALSE,2
2007-08-01,"Housing starts | Single-detached units",123,"v42127401","0","Housing starts","Single-detached units","Housing Starts — Single-Detached",FALSE,2
2007-09-01,"Housing starts | Single-detached units",123,"v42127401","0","Housing starts","Single-detached units","Housing Starts — Single-Detached",FALSE,2
2007-10-01,"Housing starts | Single-detached units",125,"v42127401","0","Housing starts","Single-detached units","Housing Starts — Single-Detached",FALSE,2
2007-11-01,"Housing starts | Single-detached units",106,"v42127401","0","Housing starts","Single-detached units","Housing Starts — Single-Detached",FALSE,2
2007-12-01,"Housing starts | Single-detached units",109,"v42127401","0","Housing starts","Single-detached units","Housing Starts — Single-Detached",FALSE,2
2008-01-01,"Housing starts | Single-detached units",67,"v42127401","0","Housing starts","Single-detached units","Housing Starts — Single-Detached",FALSE,2
2008-02-01,"Housing starts | Single-detached units",89,"v42127401","0","Housing starts","Single-detached units","Housing Starts — Single-Detached",FALSE,2
2008-03-01,"Housing starts | Single-detached units",128,"v42127401","0","Housing starts","Single-detached units","Housing Starts — Single-Detached",FALSE,2
2008-04-01,"Housing starts | Single-detached units",180,"v42127401","0","Housing starts","Single-detached units","Housing Starts — Single-Detached",FALSE,2
2008-05-01,"Housing starts | Single-detached units",195,"v42127401","0","Housing starts","Single-detached units","Housing Starts — Single-Detached",FALSE,2
2008-06-01,"Housing starts | Single-detached units",161,"v42127401","0","Housing starts","Single-detached units","Housing Starts — Single-Detached",FALSE,2
2008-07-01,"Housing starts | Single-detached units",110,"v42127401","0","Housing starts","Single-detached units","Housing Starts — Single-Detached",FALSE,2
2008-08-01,"Housing starts | Single-detached units",102,"v42127401","0","Housing starts","Single-detached units","Housing Starts — Single-Detached",FALSE,2
2008-09-01,"Housing starts | Single-detached units",44,"v42127401","0","Housing starts","Single-detached units","Housing Starts — Single-Detached",FALSE,2
2008-10-01,"Housing starts | Single-detached units",79,"v42127401","0","Housing starts","Single-detached units","Housing Starts — Single-Detached",FALSE,2
2008-11-01,"Housing starts | Single-detached units",80,"v42127401","0","Housing starts","Single-detached units","Housing Starts — Single-Detached",FALSE,2
2008-12-01,"Housing starts | Single-detached units",53,"v42127401","0","Housing starts","Single-detached units","Housing Starts — Single-Detached",FALSE,2
2009-01-01,"Housing starts | Single-detached units",21,"v42127401","0","Housing starts","Single-detached units","Housing Starts — Single-Detached",FALSE,2
2009-02-01,"Housing starts | Single-detached units",24,"v42127401","0","Housing starts","Single-detached units","Housing Starts — Single-Detached",FALSE,2
2009-03-01,"Housing starts | Single-detached units",32,"v42127401","0","Housing starts","Single-detached units","Housing Starts — Single-Detached",FALSE,2
2009-04-01,"Housing starts | Single-detached units",25,"v42127401","0","Housing starts","Single-detached units","Housing Starts — Single-Detached",FALSE,2
2009-05-01,"Housing starts | Single-detached units",71,"v42127401","0","Housing starts","Single-detached units","Housing Starts — Single-Detached",FALSE,2
2009-06-01,"Housing starts | Single-detached units",116,"v42127401","0","Housing starts","Single-detached units","Housing Starts — Single-Detached",FALSE,2
2009-07-01,"Housing starts | Single-detached units",157,"v42127401","0","Housing starts","Single-detached units","Housing Starts — Single-Detached",FALSE,2
2009-08-01,"Housing starts | Single-detached units",123,"v42127401","0","Housing starts","Single-detached units","Housing Starts — Single-Detached",FALSE,2
2009-09-01,"Housing starts | Single-detached units",122,"v42127401","0","Housing starts","Single-detached units","Housing Starts — Single-Detached",FALSE,2
2009-10-01,"Housing starts | Single-detached units",136,"v42127401","0","Housing starts","Single-detached units","Housing Starts — Single-Detached",FALSE,2
2009-11-01,"Housing starts | Single-detached units",177,"v42127401","0","Housing starts","Single-detached units","Housing Starts — Single-Detached",FALSE,2
2009-12-01,"Housing starts | Single-detached units",97,"v42127401","0","Housing starts","Single-detached units","Housing Starts — Single-Detached",FALSE,2
2010-01-01,"Housing starts | Single-detached units",118,"v42127401","0","Housing starts","Single-detached units","Housing Starts — Single-Detached",FALSE,2
2010-02-01,"Housing starts | Single-detached units",87,"v42127401","0","Housing starts","Single-detached units","Housing Starts — Single-Detached",FALSE,2
2010-03-01,"Housing starts | Single-detached units",75,"v42127401","0","Housing starts","Single-detached units","Housing Starts — Single-Detached",FALSE,2
2010-04-01,"Housing starts | Single-detached units",162,"v42127401","0","Housing starts","Single-detached units","Housing Starts — Single-Detached",FALSE,2
2010-05-01,"Housing starts | Single-detached units",197,"v42127401","0","Housing starts","Single-detached units","Housing Starts — Single-Detached",FALSE,2
2010-06-01,"Housing starts | Single-detached units",186,"v42127401","0","Housing starts","Single-detached units","Housing Starts — Single-Detached",FALSE,2
2010-07-01,"Housing starts | Single-detached units",153,"v42127401","0","Housing starts","Single-detached units","Housing Starts — Single-Detached",FALSE,2
2010-08-01,"Housing starts | Single-detached units",175,"v42127401","0","Housing starts","Single-detached units","Housing Starts — Single-Detached",FALSE,2
2010-09-01,"Housing starts | Single-detached units",144,"v42127401","0","Housing starts","Single-detached units","Housing Starts — Single-Detached",FALSE,2
2010-10-01,"Housing starts | Single-detached units",121,"v42127401","0","Housing starts","Single-detached units","Housing Starts — Single-Detached",FALSE,2
2010-11-01,"Housing starts | Single-detached units",104,"v42127401","0","Housing starts","Single-detached units","Housing Starts — Single-Detached",FALSE,2
2010-12-01,"Housing starts | Single-detached units",116,"v42127401","0","Housing starts","Single-detached units","Housing Starts — Single-Detached",FALSE,2
2011-01-01,"Housing starts | Single-detached units",80,"v42127401","0","Housing starts","Single-detached units","Housing Starts — Single-Detached",FALSE,2
2011-02-01,"Housing starts | Single-detached units",91,"v42127401","0","Housing starts","Single-detached units","Housing Starts — Single-Detached",FALSE,2
2011-03-01,"Housing starts | Single-detached units",119,"v42127401","0","Housing starts","Single-detached units","Housing Starts — Single-Detached",FALSE,2
2011-04-01,"Housing starts | Single-detached units",144,"v42127401","0","Housing starts","Single-detached units","Housing Starts — Single-Detached",FALSE,2
2011-05-01,"Housing starts | Single-detached units",152,"v42127401","0","Housing starts","Single-detached units","Housing Starts — Single-Detached",FALSE,2
2011-06-01,"Housing starts | Single-detached units",166,"v42127401","0","Housing starts","Single-detached units","Housing Starts — Single-Detached",FALSE,2
2011-07-01,"Housing starts | Single-detached units",134,"v42127401","0","Housing starts","Single-detached units","Housing Starts — Single-Detached",FALSE,2
2011-08-01,"Housing starts | Single-detached units",221,"v42127401","0","Housing starts","Single-detached units","Housing Starts — Single-Detached",FALSE,2
2011-09-01,"Housing starts | Single-detached units",132,"v42127401","0","Housing starts","Single-detached units","Housing Starts — Single-Detached",FALSE,2
2011-10-01,"Housing starts | Single-detached units",123,"v42127401","0","Housing starts","Single-detached units","Housing Starts — Single-Detached",FALSE,2
2011-11-01,"Housing starts | Single-detached units",130,"v42127401","0","Housing starts","Single-detached units","Housing Starts — Single-Detached",FALSE,2
2011-12-01,"Housing starts | Single-detached units",116,"v42127401","0","Housing starts","Single-detached units","Housing Starts — Single-Detached",FALSE,2
2012-01-01,"Housing starts | Single-detached units",105,"v42127401","0","Housing starts","Single-detached units","Housing Starts — Single-Detached",FALSE,2
2012-02-01,"Housing starts | Single-detached units",124,"v42127401","0","Housing starts","Single-detached units","Housing Starts — Single-Detached",FALSE,2
2012-03-01,"Housing starts | Single-detached units",138,"v42127401","0","Housing starts","Single-detached units","Housing Starts — Single-Detached",FALSE,2
2012-04-01,"Housing starts | Single-detached units",189,"v42127401","0","Housing starts","Single-detached units","Housing Starts — Single-Detached",FALSE,2
2012-05-01,"Housing starts | Single-detached units",126,"v42127401","0","Housing starts","Single-detached units","Housing Starts — Single-Detached",FALSE,2
2012-06-01,"Housing starts | Single-detached units",273,"v42127401","0","Housing starts","Single-detached units","Housing Starts — Single-Detached",FALSE,2
2012-07-01,"Housing starts | Single-detached units",138,"v42127401","0","Housing starts","Single-detached units","Housing Starts — Single-Detached",FALSE,2
2012-08-01,"Housing starts | Single-detached units",201,"v42127401","0","Housing starts","Single-detached units","Housing Starts — Single-Detached",FALSE,2
2012-09-01,"Housing starts | Single-detached units",231,"v42127401","0","Housing starts","Single-detached units","Housing Starts — Single-Detached",FALSE,2
2012-10-01,"Housing starts | Single-detached units",192,"v42127401","0","Housing starts","Single-detached units","Housing Starts — Single-Detached",FALSE,2
2012-11-01,"Housing starts | Single-detached units",179,"v42127401","0","Housing starts","Single-detached units","Housing Starts — Single-Detached",FALSE,2
2012-12-01,"Housing starts | Single-detached units",129,"v42127401","0","Housing starts","Single-detached units","Housing Starts — Single-Detached",FALSE,2
2013-01-01,"Housing starts | Single-detached units",114,"v42127401","0","Housing starts","Single-detached units","Housing Starts — Single-Detached",FALSE,2
2013-02-01,"Housing starts | Single-detached units",85,"v42127401","0","Housing starts","Single-detached units","Housing Starts — Single-Detached",FALSE,2
2013-03-01,"Housing starts | Single-detached units",85,"v42127401","0","Housing starts","Single-detached units","Housing Starts — Single-Detached",FALSE,2
2013-04-01,"Housing starts | Single-detached units",120,"v42127401","0","Housing starts","Single-detached units","Housing Starts — Single-Detached",FALSE,2
2013-05-01,"Housing starts | Single-detached units",152,"v42127401","0","Housing starts","Single-detached units","Housing Starts — Single-Detached",FALSE,2
2013-06-01,"Housing starts | Single-detached units",167,"v42127401","0","Housing starts","Single-detached units","Housing Starts — Single-Detached",FALSE,2
2013-07-01,"Housing starts | Single-detached units",221,"v42127401","0","Housing starts","Single-detached units","Housing Starts — Single-Detached",FALSE,2
2013-08-01,"Housing starts | Single-detached units",138,"v42127401","0","Housing starts","Single-detached units","Housing Starts — Single-Detached",FALSE,2
2013-09-01,"Housing starts | Single-detached units",203,"v42127401","0","Housing starts","Single-detached units","Housing Starts — Single-Detached",FALSE,2
2013-10-01,"Housing starts | Single-detached units",181,"v42127401","0","Housing starts","Single-detached units","Housing Starts — Single-Detached",FALSE,2
2013-11-01,"Housing starts | Single-detached units",107,"v42127401","0","Housing starts","Single-detached units","Housing Starts — Single-Detached",FALSE,2
2013-12-01,"Housing starts | Single-detached units",85,"v42127401","0","Housing starts","Single-detached units","Housing Starts — Single-Detached",FALSE,2
2014-01-01,"Housing starts | Single-detached units",68,"v42127401","0","Housing starts","Single-detached units","Housing Starts — Single-Detached",FALSE,2
2014-02-01,"Housing starts | Single-detached units",83,"v42127401","0","Housing starts","Single-detached units","Housing Starts — Single-Detached",FALSE,2
2014-03-01,"Housing starts | Single-detached units",68,"v42127401","0","Housing starts","Single-detached units","Housing Starts — Single-Detached",FALSE,2
2014-04-01,"Housing starts | Single-detached units",196,"v42127401","0","Housing starts","Single-detached units","Housing Starts — Single-Detached",FALSE,2
2014-05-01,"Housing starts | Single-detached units",158,"v42127401","0","Housing starts","Single-detached units","Housing Starts — Single-Detached",FALSE,2
2014-06-01,"Housing starts | Single-detached units",205,"v42127401","0","Housing starts","Single-detached units","Housing Starts — Single-Detached",FALSE,2
2014-07-01,"Housing starts | Single-detached units",124,"v42127401","0","Housing starts","Single-detached units","Housing Starts — Single-Detached",FALSE,2
2014-08-01,"Housing starts | Single-detached units",169,"v42127401","0","Housing starts","Single-detached units","Housing Starts — Single-Detached",FALSE,2
2014-09-01,"Housing starts | Single-detached units",142,"v42127401","0","Housing starts","Single-detached units","Housing Starts — Single-Detached",FALSE,2
2014-10-01,"Housing starts | Single-detached units",160,"v42127401","0","Housing starts","Single-detached units","Housing Starts — Single-Detached",FALSE,2
2014-11-01,"Housing starts | Single-detached units",138,"v42127401","0","Housing starts","Single-detached units","Housing Starts — Single-Detached",FALSE,2
2014-12-01,"Housing starts | Single-detached units",66,"v42127401","0","Housing starts","Single-detached units","Housing Starts — Single-Detached",FALSE,2
2015-01-01,"Housing starts | Single-detached units",59,"v42127401","0","Housing starts","Single-detached units","Housing Starts — Single-Detached",FALSE,2
2015-02-01,"Housing starts | Single-detached units",62,"v42127401","0","Housing starts","Single-detached units","Housing Starts — Single-Detached",FALSE,2
2015-03-01,"Housing starts | Single-detached units",54,"v42127401","0","Housing starts","Single-detached units","Housing Starts — Single-Detached",FALSE,2
2015-04-01,"Housing starts | Single-detached units",97,"v42127401","0","Housing starts","Single-detached units","Housing Starts — Single-Detached",FALSE,2
2015-05-01,"Housing starts | Single-detached units",106,"v42127401","0","Housing starts","Single-detached units","Housing Starts — Single-Detached",FALSE,2
2015-06-01,"Housing starts | Single-detached units",120,"v42127401","0","Housing starts","Single-detached units","Housing Starts — Single-Detached",FALSE,2
2015-07-01,"Housing starts | Single-detached units",95,"v42127401","0","Housing starts","Single-detached units","Housing Starts — Single-Detached",FALSE,2
2015-08-01,"Housing starts | Single-detached units",96,"v42127401","0","Housing starts","Single-detached units","Housing Starts — Single-Detached",FALSE,2
2015-09-01,"Housing starts | Single-detached units",84,"v42127401","0","Housing starts","Single-detached units","Housing Starts — Single-Detached",FALSE,2
2015-10-01,"Housing starts | Single-detached units",63,"v42127401","0","Housing starts","Single-detached units","Housing Starts — Single-Detached",FALSE,2
2015-11-01,"Housing starts | Single-detached units",88,"v42127401","0","Housing starts","Single-detached units","Housing Starts — Single-Detached",FALSE,2
2015-12-01,"Housing starts | Single-detached units",76,"v42127401","0","Housing starts","Single-detached units","Housing Starts — Single-Detached",FALSE,2
2016-01-01,"Housing starts | Single-detached units",67,"v42127401","0","Housing starts","Single-detached units","Housing Starts — Single-Detached",FALSE,2
2016-02-01,"Housing starts | Single-detached units",91,"v42127401","0","Housing starts","Single-detached units","Housing Starts — Single-Detached",FALSE,2
2016-03-01,"Housing starts | Single-detached units",43,"v42127401","0","Housing starts","Single-detached units","Housing Starts — Single-Detached",FALSE,2
2016-04-01,"Housing starts | Single-detached units",61,"v42127401","0","Housing starts","Single-detached units","Housing Starts — Single-Detached",FALSE,2
2016-05-01,"Housing starts | Single-detached units",122,"v42127401","0","Housing starts","Single-detached units","Housing Starts — Single-Detached",FALSE,2
2016-06-01,"Housing starts | Single-detached units",95,"v42127401","0","Housing starts","Single-detached units","Housing Starts — Single-Detached",FALSE,2
2016-07-01,"Housing starts | Single-detached units",122,"v42127401","0","Housing starts","Single-detached units","Housing Starts — Single-Detached",FALSE,2
2016-08-01,"Housing starts | Single-detached units",88,"v42127401","0","Housing starts","Single-detached units","Housing Starts — Single-Detached",FALSE,2
2016-09-01,"Housing starts | Single-detached units",128,"v42127401","0","Housing starts","Single-detached units","Housing Starts — Single-Detached",FALSE,2
2016-10-01,"Housing starts | Single-detached units",80,"v42127401","0","Housing starts","Single-detached units","Housing Starts — Single-Detached",FALSE,2
2016-11-01,"Housing starts | Single-detached units",99,"v42127401","0","Housing starts","Single-detached units","Housing Starts — Single-Detached",FALSE,2
2016-12-01,"Housing starts | Single-detached units",96,"v42127401","0","Housing starts","Single-detached units","Housing Starts — Single-Detached",FALSE,2
2017-01-01,"Housing starts | Single-detached units",48,"v42127401","0","Housing starts","Single-detached units","Housing Starts — Single-Detached",FALSE,2
2017-02-01,"Housing starts | Single-detached units",68,"v42127401","0","Housing starts","Single-detached units","Housing Starts — Single-Detached",FALSE,2
2017-03-01,"Housing starts | Single-detached units",74,"v42127401","0","Housing starts","Single-detached units","Housing Starts — Single-Detached",FALSE,2
2017-04-01,"Housing starts | Single-detached units",96,"v42127401","0","Housing starts","Single-detached units","Housing Starts — Single-Detached",FALSE,2
2017-05-01,"Housing starts | Single-detached units",102,"v42127401","0","Housing starts","Single-detached units","Housing Starts — Single-Detached",FALSE,2
2017-06-01,"Housing starts | Single-detached units",119,"v42127401","0","Housing starts","Single-detached units","Housing Starts — Single-Detached",FALSE,2
2017-07-01,"Housing starts | Single-detached units",111,"v42127401","0","Housing starts","Single-detached units","Housing Starts — Single-Detached",FALSE,2
2017-08-01,"Housing starts | Single-detached units",118,"v42127401","0","Housing starts","Single-detached units","Housing Starts — Single-Detached",FALSE,2
2017-09-01,"Housing starts | Single-detached units",95,"v42127401","0","Housing starts","Single-detached units","Housing Starts — Single-Detached",FALSE,2
2017-10-01,"Housing starts | Single-detached units",92,"v42127401","0","Housing starts","Single-detached units","Housing Starts — Single-Detached",FALSE,2
2017-11-01,"Housing starts | Single-detached units",79,"v42127401","0","Housing starts","Single-detached units","Housing Starts — Single-Detached",FALSE,2
2017-12-01,"Housing starts | Single-detached units",76,"v42127401","0","Housing starts","Single-detached units","Housing Starts — Single-Detached",FALSE,2
2018-01-01,"Housing starts | Single-detached units",37,"v42127401","0","Housing starts","Single-detached units","Housing Starts — Single-Detached",FALSE,2
2018-02-01,"Housing starts | Single-detached units",37,"v42127401","0","Housing starts","Single-detached units","Housing Starts — Single-Detached",FALSE,2
2018-03-01,"Housing starts | Single-detached units",38,"v42127401","0","Housing starts","Single-detached units","Housing Starts — Single-Detached",FALSE,2
2018-04-01,"Housing starts | Single-detached units",48,"v42127401","0","Housing starts","Single-detached units","Housing Starts — Single-Detached",FALSE,2
2018-05-01,"Housing starts | Single-detached units",66,"v42127401","0","Housing starts","Single-detached units","Housing Starts — Single-Detached",FALSE,2
2018-06-01,"Housing starts | Single-detached units",88,"v42127401","0","Housing starts","Single-detached units","Housing Starts — Single-Detached",FALSE,2
2018-07-01,"Housing starts | Single-detached units",111,"v42127401","0","Housing starts","Single-detached units","Housing Starts — Single-Detached",FALSE,2
2018-08-01,"Housing starts | Single-detached units",53,"v42127401","0","Housing starts","Single-detached units","Housing Starts — Single-Detached",FALSE,2
2018-09-01,"Housing starts | Single-detached units",85,"v42127401","0","Housing starts","Single-detached units","Housing Starts — Single-Detached",FALSE,2
2018-10-01,"Housing starts | Single-detached units",60,"v42127401","0","Housing starts","Single-detached units","Housing Starts — Single-Detached",FALSE,2
2018-11-01,"Housing starts | Single-detached units",81,"v42127401","0","Housing starts","Single-detached units","Housing Starts — Single-Detached",FALSE,2
2018-12-01,"Housing starts | Single-detached units",74,"v42127401","0","Housing starts","Single-detached units","Housing Starts — Single-Detached",FALSE,2
2019-01-01,"Housing starts | Single-detached units",44,"v42127401","0","Housing starts","Single-detached units","Housing Starts — Single-Detached",FALSE,2
2019-02-01,"Housing starts | Single-detached units",27,"v42127401","0","Housing starts","Single-detached units","Housing Starts — Single-Detached",FALSE,2
2019-03-01,"Housing starts | Single-detached units",31,"v42127401","0","Housing starts","Single-detached units","Housing Starts — Single-Detached",FALSE,2
2019-04-01,"Housing starts | Single-detached units",29,"v42127401","0","Housing starts","Single-detached units","Housing Starts — Single-Detached",FALSE,2
2019-05-01,"Housing starts | Single-detached units",76,"v42127401","0","Housing starts","Single-detached units","Housing Starts — Single-Detached",FALSE,2
2019-06-01,"Housing starts | Single-detached units",81,"v42127401","0","Housing starts","Single-detached units","Housing Starts — Single-Detached",FALSE,2
2019-07-01,"Housing starts | Single-detached units",51,"v42127401","0","Housing starts","Single-detached units","Housing Starts — Single-Detached",FALSE,2
2019-08-01,"Housing starts | Single-detached units",59,"v42127401","0","Housing starts","Single-detached units","Housing Starts — Single-Detached",FALSE,2
2019-09-01,"Housing starts | Single-detached units",52,"v42127401","0","Housing starts","Single-detached units","Housing Starts — Single-Detached",FALSE,2
2019-10-01,"Housing starts | Single-detached units",65,"v42127401","0","Housing starts","Single-detached units","Housing Starts — Single-Detached",FALSE,2
2019-11-01,"Housing starts | Single-detached units",76,"v42127401","0","Housing starts","Single-detached units","Housing Starts — Single-Detached",FALSE,2
2019-12-01,"Housing starts | Single-detached units",48,"v42127401","0","Housing starts","Single-detached units","Housing Starts — Single-Detached",FALSE,2
2020-01-01,"Housing starts | Single-detached units",29,"v42127401","0","Housing starts","Single-detached units","Housing Starts — Single-Detached",FALSE,2
2020-02-01,"Housing starts | Single-detached units",33,"v42127401","0","Housing starts","Single-detached units","Housing Starts — Single-Detached",FALSE,2
2020-03-01,"Housing starts | Single-detached units",42,"v42127401","0","Housing starts","Single-detached units","Housing Starts — Single-Detached",FALSE,2
2020-04-01,"Housing starts | Single-detached units",38,"v42127401","0","Housing starts","Single-detached units","Housing Starts — Single-Detached",FALSE,2
2020-05-01,"Housing starts | Single-detached units",65,"v42127401","0","Housing starts","Single-detached units","Housing Starts — Single-Detached",FALSE,2
2020-06-01,"Housing starts | Single-detached units",63,"v42127401","0","Housing starts","Single-detached units","Housing Starts — Single-Detached",FALSE,2
2020-07-01,"Housing starts | Single-detached units",95,"v42127401","0","Housing starts","Single-detached units","Housing Starts — Single-Detached",FALSE,2
2020-08-01,"Housing starts | Single-detached units",58,"v42127401","0","Housing starts","Single-detached units","Housing Starts — Single-Detached",FALSE,2
2020-09-01,"Housing starts | Single-detached units",78,"v42127401","0","Housing starts","Single-detached units","Housing Starts — Single-Detached",FALSE,2
2020-10-01,"Housing starts | Single-detached units",110,"v42127401","0","Housing starts","Single-detached units","Housing Starts — Single-Detached",FALSE,2
2020-11-01,"Housing starts | Single-detached units",80,"v42127401","0","Housing starts","Single-detached units","Housing Starts — Single-Detached",FALSE,2
2020-12-01,"Housing starts | Single-detached units",83,"v42127401","0","Housing starts","Single-detached units","Housing Starts — Single-Detached",FALSE,2
2021-01-01,"Housing starts | Single-detached units",50,"v42127401","0","Housing starts","Single-detached units","Housing Starts — Single-Detached",FALSE,2
2021-02-01,"Housing starts | Single-detached units",73,"v42127401","0","Housing starts","Single-detached units","Housing Starts — Single-Detached",FALSE,2
2021-03-01,"Housing starts | Single-detached units",73,"v42127401","0","Housing starts","Single-detached units","Housing Starts — Single-Detached",FALSE,2
2021-04-01,"Housing starts | Single-detached units",125,"v42127401","0","Housing starts","Single-detached units","Housing Starts — Single-Detached",FALSE,2
2021-05-01,"Housing starts | Single-detached units",128,"v42127401","0","Housing starts","Single-detached units","Housing Starts — Single-Detached",FALSE,2
2021-06-01,"Housing starts | Single-detached units",93,"v42127401","0","Housing starts","Single-detached units","Housing Starts — Single-Detached",FALSE,2
2021-07-01,"Housing starts | Single-detached units",82,"v42127401","0","Housing starts","Single-detached units","Housing Starts — Single-Detached",FALSE,2
2021-08-01,"Housing starts | Single-detached units",75,"v42127401","0","Housing starts","Single-detached units","Housing Starts — Single-Detached",FALSE,2
2021-09-01,"Housing starts | Single-detached units",59,"v42127401","0","Housing starts","Single-detached units","Housing Starts — Single-Detached",FALSE,2
2021-10-01,"Housing starts | Single-detached units",64,"v42127401","0","Housing starts","Single-detached units","Housing Starts — Single-Detached",FALSE,2
2021-11-01,"Housing starts | Single-detached units",58,"v42127401","0","Housing starts","Single-detached units","Housing Starts — Single-Detached",FALSE,2
2021-12-01,"Housing starts | Single-detached units",85,"v42127401","0","Housing starts","Single-detached units","Housing Starts — Single-Detached",FALSE,2
2022-01-01,"Housing starts | Single-detached units",27,"v42127401","0","Housing starts","Single-detached units","Housing Starts — Single-Detached",FALSE,2
2022-02-01,"Housing starts | Single-detached units",73,"v42127401","0","Housing starts","Single-detached units","Housing Starts — Single-Detached",FALSE,2
2022-03-01,"Housing starts | Single-detached units",70,"v42127401","0","Housing starts","Single-detached units","Housing Starts — Single-Detached",FALSE,2
2022-04-01,"Housing starts | Single-detached units",115,"v42127401","0","Housing starts","Single-detached units","Housing Starts — Single-Detached",FALSE,2
2022-05-01,"Housing starts | Single-detached units",112,"v42127401","0","Housing starts","Single-detached units","Housing Starts — Single-Detached",FALSE,2
2022-06-01,"Housing starts | Single-detached units",81,"v42127401","0","Housing starts","Single-detached units","Housing Starts — Single-Detached",FALSE,2
2022-07-01,"Housing starts | Single-detached units",95,"v42127401","0","Housing starts","Single-detached units","Housing Starts — Single-Detached",FALSE,2
2022-08-01,"Housing starts | Single-detached units",87,"v42127401","0","Housing starts","Single-detached units","Housing Starts — Single-Detached",FALSE,2
2022-09-01,"Housing starts | Single-detached units",77,"v42127401","0","Housing starts","Single-detached units","Housing Starts — Single-Detached",FALSE,2
2022-10-01,"Housing starts | Single-detached units",68,"v42127401","0","Housing starts","Single-detached units","Housing Starts — Single-Detached",FALSE,2
2022-11-01,"Housing starts | Single-detached units",67,"v42127401","0","Housing starts","Single-detached units","Housing Starts — Single-Detached",FALSE,2
2022-12-01,"Housing starts | Single-detached units",41,"v42127401","0","Housing starts","Single-detached units","Housing Starts — Single-Detached",FALSE,2
2023-01-01,"Housing starts | Single-detached units",33,"v42127401","0","Housing starts","Single-detached units","Housing Starts — Single-Detached",FALSE,2
2023-02-01,"Housing starts | Single-detached units",23,"v42127401","0","Housing starts","Single-detached units","Housing Starts — Single-Detached",FALSE,2
2023-03-01,"Housing starts | Single-detached units",50,"v42127401","0","Housing starts","Single-detached units","Housing Starts — Single-Detached",FALSE,2
2023-04-01,"Housing starts | Single-detached units",66,"v42127401","0","Housing starts","Single-detached units","Housing Starts — Single-Detached",FALSE,2
2023-05-01,"Housing starts | Single-detached units",62,"v42127401","0","Housing starts","Single-detached units","Housing Starts — Single-Detached",FALSE,2
2023-06-01,"Housing starts | Single-detached units",75,"v42127401","0","Housing starts","Single-detached units","Housing Starts — Single-Detached",FALSE,2
2023-07-01,"Housing starts | Single-detached units",54,"v42127401","0","Housing starts","Single-detached units","Housing Starts — Single-Detached",FALSE,2
2023-08-01,"Housing starts | Single-detached units",67,"v42127401","0","Housing starts","Single-detached units","Housing Starts — Single-Detached",FALSE,2
2023-09-01,"Housing starts | Single-detached units",105,"v42127401","0","Housing starts","Single-detached units","Housing Starts — Single-Detached",FALSE,2
2023-10-01,"Housing starts | Single-detached units",108,"v42127401","0","Housing starts","Single-detached units","Housing Starts — Single-Detached",FALSE,2
2023-11-01,"Housing starts | Single-detached units",85,"v42127401","0","Housing starts","Single-detached units","Housing Starts — Single-Detached",FALSE,2
2023-12-01,"Housing starts | Single-detached units",58,"v42127401","0","Housing starts","Single-detached units","Housing Starts — Single-Detached",FALSE,2
2024-01-01,"Housing starts | Single-detached units",51,"v42127401","0","Housing starts","Single-detached units","Housing Starts — Single-Detached",FALSE,2
2024-02-01,"Housing starts | Single-detached units",36,"v42127401","0","Housing starts","Single-detached units","Housing Starts — Single-Detached",FALSE,2
2024-03-01,"Housing starts | Single-detached units",51,"v42127401","0","Housing starts","Single-detached units","Housing Starts — Single-Detached",FALSE,2
2024-04-01,"Housing starts | Single-detached units",45,"v42127401","0","Housing starts","Single-detached units","Housing Starts — Single-Detached",FALSE,2
2024-05-01,"Housing starts | Single-detached units",86,"v42127401","0","Housing starts","Single-detached units","Housing Starts — Single-Detached",FALSE,2
2024-06-01,"Housing starts | Single-detached units",112,"v42127401","0","Housing starts","Single-detached units","Housing Starts — Single-Detached",FALSE,2
2024-07-01,"Housing starts | Single-detached units",88,"v42127401","0","Housing starts","Single-detached units","Housing Starts — Single-Detached",FALSE,2
2024-08-01,"Housing starts | Single-detached units",83,"v42127401","0","Housing starts","Single-detached units","Housing Starts — Single-Detached",FALSE,2
2024-09-01,"Housing starts | Single-detached units",95,"v42127401","0","Housing starts","Single-detached units","Housing Starts — Single-Detached",FALSE,2
2024-10-01,"Housing starts | Single-detached units",127,"v42127401","0","Housing starts","Single-detached units","Housing Starts — Single-Detached",FALSE,2
2024-11-01,"Housing starts | Single-detached units",113,"v42127401","0","Housing starts","Single-detached units","Housing Starts — Single-Detached",FALSE,2
2024-12-01,"Housing starts | Single-detached units",90,"v42127401","0","Housing starts","Single-detached units","Housing Starts — Single-Detached",FALSE,2
2025-01-01,"Housing starts | Single-detached units",49,"v42127401","0","Housing starts","Single-detached units","Housing Starts — Single-Detached",FALSE,2
2025-02-01,"Housing starts | Single-detached units",59,"v42127401","0","Housing starts","Single-detached units","Housing Starts — Single-Detached",FALSE,2
2025-03-01,"Housing starts | Single-detached units",95,"v42127401","0","Housing starts","Single-detached units","Housing Starts — Single-Detached",FALSE,2
2025-04-01,"Housing starts | Single-detached units",123,"v42127401","0","Housing starts","Single-detached units","Housing Starts — Single-Detached",FALSE,2
2025-05-01,"Housing starts | Single-detached units",145,"v42127401","0","Housing starts","Single-detached units","Housing Starts — Single-Detached",FALSE,2
2025-06-01,"Housing starts | Single-detached units",111,"v42127401","0","Housing starts","Single-detached units","Housing Starts — Single-Detached",FALSE,2
2025-07-01,"Housing starts | Single-detached units",103,"v42127401","0","Housing starts","Single-detached units","Housing Starts — Single-Detached",FALSE,2
2025-08-01,"Housing starts | Single-detached units",116,"v42127401","0","Housing starts","Single-detached units","Housing Starts — Single-Detached",FALSE,2
2025-09-01,"Housing starts | Single-detached units",127,"v42127401","0","Housing starts","Single-detached units","Housing Starts — Single-Detached",FALSE,2
2025-10-01,"Housing starts | Single-detached units",183,"v42127401","0","Housing starts","Single-detached units","Housing Starts — Single-Detached",FALSE,2
2025-11-01,"Housing starts | Single-detached units",100,"v42127401","0","Housing starts","Single-detached units","Housing Starts — Single-Detached",FALSE,2
2025-12-01,"Housing starts | Single-detached units",135,"v42127401","0","Housing starts","Single-detached units","Housing Starts — Single-Detached",FALSE,2
2026-01-01,"Housing starts | Single-detached units",65,"v42127401","0","Housing starts","Single-detached units","Housing Starts — Single-Detached",FALSE,2
2026-02-01,"Housing starts | Single-detached units",70,"v42127401","0","Housing starts","Single-detached units","Housing Starts — Single-Detached",FALSE,2
2026-03-01,"Housing starts | Single-detached units",77,"v42127401","0","Housing starts","Single-detached units","Housing Starts — Single-Detached",FALSE,2
2026-04-01,"Housing starts | Single-detached units",102,"v42127401","0","Housing starts","Single-detached units","Housing Starts — Single-Detached",FALSE,2
2026-05-01,"Housing starts | Single-detached units",175,"v42127401","0","Housing starts","Single-detached units","Housing Starts — Single-Detached",FALSE,2
2026-06-01,"Housing starts | Single-detached units",132,"v42127401","0","Housing starts","Single-detached units","Housing Starts — Single-Detached",FALSE,2
2026-07-01,"Housing starts | Single-detached units",120,"v42127401","0","Housing starts","Single-detached units","Housing Starts — Single-Detached",FALSE,2
