"date","label","value","VECTOR","DECIMALS","is_ratio","units","display_order"
2011-01-01,"Labour force",154.5,"v1643280150","1",FALSE,"Thousands, persons",5
2011-02-01,"Labour force",155.1,"v1643280150","1",FALSE,"Thousands, persons",5
2011-03-01,"Labour force",156,"v1643280150","1",FALSE,"Thousands, persons",5
2011-04-01,"Labour force",156.6,"v1643280150","1",FALSE,"Thousands, persons",5
2011-05-01,"Labour force",157,"v1643280150","1",FALSE,"Thousands, persons",5
2011-06-01,"Labour force",156.8,"v1643280150","1",FALSE,"Thousands, persons",5
2011-07-01,"Labour force",156.3,"v1643280150","1",FALSE,"Thousands, persons",5
2011-08-01,"Labour force",155.4,"v1643280150","1",FALSE,"Thousands, persons",5
2011-09-01,"Labour force",155.7,"v1643280150","1",FALSE,"Thousands, persons",5
2011-10-01,"Labour force",156.4,"v1643280150","1",FALSE,"Thousands, persons",5
2011-11-01,"Labour force",157,"v1643280150","1",FALSE,"Thousands, persons",5
2011-12-01,"Labour force",156.9,"v1643280150","1",FALSE,"Thousands, persons",5
2012-01-01,"Labour force",157.6,"v1643280150","1",FALSE,"Thousands, persons",5
2012-02-01,"Labour force",158.9,"v1643280150","1",FALSE,"Thousands, persons",5
2012-03-01,"Labour force",159.8,"v1643280150","1",FALSE,"Thousands, persons",5
2012-04-01,"Labour force",160.3,"v1643280150","1",FALSE,"Thousands, persons",5
2012-05-01,"Labour force",161.2,"v1643280150","1",FALSE,"Thousands, persons",5
2012-06-01,"Labour force",162.2,"v1643280150","1",FALSE,"Thousands, persons",5
2012-07-01,"Labour force",163.2,"v1643280150","1",FALSE,"Thousands, persons",5
2012-08-01,"Labour force",163.4,"v1643280150","1",FALSE,"Thousands, persons",5
2012-09-01,"Labour force",163.7,"v1643280150","1",FALSE,"Thousands, persons",5
2012-10-01,"Labour force",163.9,"v1643280150","1",FALSE,"Thousands, persons",5
2012-11-01,"Labour force",164.3,"v1643280150","1",FALSE,"Thousands, persons",5
2012-12-01,"Labour force",165.3,"v1643280150","1",FALSE,"Thousands, persons",5
2013-01-01,"Labour force",166.1,"v1643280150","1",FALSE,"Thousands, persons",5
2013-02-01,"Labour force",166.7,"v1643280150","1",FALSE,"Thousands, persons",5
2013-03-01,"Labour force",167.5,"v1643280150","1",FALSE,"Thousands, persons",5
2013-04-01,"Labour force",168.4,"v1643280150","1",FALSE,"Thousands, persons",5
2013-05-01,"Labour force",169.2,"v1643280150","1",FALSE,"Thousands, persons",5
2013-06-01,"Labour force",169.4,"v1643280150","1",FALSE,"Thousands, persons",5
2013-07-01,"Labour force",169.6,"v1643280150","1",FALSE,"Thousands, persons",5
2013-08-01,"Labour force",170.7,"v1643280150","1",FALSE,"Thousands, persons",5
2013-09-01,"Labour force",170.3,"v1643280150","1",FALSE,"Thousands, persons",5
2013-10-01,"Labour force",169.5,"v1643280150","1",FALSE,"Thousands, persons",5
2013-11-01,"Labour force",168.4,"v1643280150","1",FALSE,"Thousands, persons",5
2013-12-01,"Labour force",168.7,"v1643280150","1",FALSE,"Thousands, persons",5
2014-01-01,"Labour force",169.4,"v1643280150","1",FALSE,"Thousands, persons",5
2014-02-01,"Labour force",170,"v1643280150","1",FALSE,"Thousands, persons",5
2014-03-01,"Labour force",170.4,"v1643280150","1",FALSE,"Thousands, persons",5
2014-04-01,"Labour force",171.1,"v1643280150","1",FALSE,"Thousands, persons",5
2014-05-01,"Labour force",172,"v1643280150","1",FALSE,"Thousands, persons",5
2014-06-01,"Labour force",173,"v1643280150","1",FALSE,"Thousands, persons",5
2014-07-01,"Labour force",172.8,"v1643280150","1",FALSE,"Thousands, persons",5
2014-08-01,"Labour force",172.2,"v1643280150","1",FALSE,"Thousands, persons",5
2014-09-01,"Labour force",171.3,"v1643280150","1",FALSE,"Thousands, persons",5
2014-10-01,"Labour force",171.1,"v1643280150","1",FALSE,"Thousands, persons",5
2014-11-01,"Labour force",171.4,"v1643280150","1",FALSE,"Thousands, persons",5
2014-12-01,"Labour force",172.1,"v1643280150","1",FALSE,"Thousands, persons",5
2015-01-01,"Labour force",172.8,"v1643280150","1",FALSE,"Thousands, persons",5
2015-02-01,"Labour force",173.3,"v1643280150","1",FALSE,"Thousands, persons",5
2015-03-01,"Labour force",172.9,"v1643280150","1",FALSE,"Thousands, persons",5
2015-04-01,"Labour force",172.9,"v1643280150","1",FALSE,"Thousands, persons",5
2015-05-01,"Labour force",171.8,"v1643280150","1",FALSE,"Thousands, persons",5
2015-06-01,"Labour force",171.6,"v1643280150","1",FALSE,"Thousands, persons",5
2015-07-01,"Labour force",170.6,"v1643280150","1",FALSE,"Thousands, persons",5
2015-08-01,"Labour force",171.4,"v1643280150","1",FALSE,"Thousands, persons",5
2015-09-01,"Labour force",172,"v1643280150","1",FALSE,"Thousands, persons",5
2015-10-01,"Labour force",173.8,"v1643280150","1",FALSE,"Thousands, persons",5
2015-11-01,"Labour force",174,"v1643280150","1",FALSE,"Thousands, persons",5
2015-12-01,"Labour force",173.4,"v1643280150","1",FALSE,"Thousands, persons",5
2016-01-01,"Labour force",172.7,"v1643280150","1",FALSE,"Thousands, persons",5
2016-02-01,"Labour force",171.9,"v1643280150","1",FALSE,"Thousands, persons",5
2016-03-01,"Labour force",172.7,"v1643280150","1",FALSE,"Thousands, persons",5
2016-04-01,"Labour force",172.7,"v1643280150","1",FALSE,"Thousands, persons",5
2016-05-01,"Labour force",172.2,"v1643280150","1",FALSE,"Thousands, persons",5
2016-06-01,"Labour force",171.4,"v1643280150","1",FALSE,"Thousands, persons",5
2016-07-01,"Labour force",171.4,"v1643280150","1",FALSE,"Thousands, persons",5
2016-08-01,"Labour force",172.8,"v1643280150","1",FALSE,"Thousands, persons",5
2016-09-01,"Labour force",174.2,"v1643280150","1",FALSE,"Thousands, persons",5
2016-10-01,"Labour force",174.8,"v1643280150","1",FALSE,"Thousands, persons",5
2016-11-01,"Labour force",175.9,"v1643280150","1",FALSE,"Thousands, persons",5
2016-12-01,"Labour force",176,"v1643280150","1",FALSE,"Thousands, persons",5
2017-01-01,"Labour force",176.2,"v1643280150","1",FALSE,"Thousands, persons",5
2017-02-01,"Labour force",175,"v1643280150","1",FALSE,"Thousands, persons",5
2017-03-01,"Labour force",174.6,"v1643280150","1",FALSE,"Thousands, persons",5
2017-04-01,"Labour force",174.3,"v1643280150","1",FALSE,"Thousands, persons",5
2017-05-01,"Labour force",176,"v1643280150","1",FALSE,"Thousands, persons",5
2017-06-01,"Labour force",176.7,"v1643280150","1",FALSE,"Thousands, persons",5
2017-07-01,"Labour force",178.6,"v1643280150","1",FALSE,"Thousands, persons",5
2017-08-01,"Labour force",178.9,"v1643280150","1",FALSE,"Thousands, persons",5
2017-09-01,"Labour force",179.3,"v1643280150","1",FALSE,"Thousands, persons",5
2017-10-01,"Labour force",178.3,"v1643280150","1",FALSE,"Thousands, persons",5
2017-11-01,"Labour force",176.9,"v1643280150","1",FALSE,"Thousands, persons",5
2017-12-01,"Labour force",176.6,"v1643280150","1",FALSE,"Thousands, persons",5
2018-01-01,"Labour force",175.6,"v1643280150","1",FALSE,"Thousands, persons",5
2018-02-01,"Labour force",176,"v1643280150","1",FALSE,"Thousands, persons",5
2018-03-01,"Labour force",176,"v1643280150","1",FALSE,"Thousands, persons",5
2018-04-01,"Labour force",177,"v1643280150","1",FALSE,"Thousands, persons",5
2018-05-01,"Labour force",177.3,"v1643280150","1",FALSE,"Thousands, persons",5
2018-06-01,"Labour force",178.4,"v1643280150","1",FALSE,"Thousands, persons",5
2018-07-01,"Labour force",179.1,"v1643280150","1",FALSE,"Thousands, persons",5
2018-08-01,"Labour force",178.9,"v1643280150","1",FALSE,"Thousands, persons",5
2018-09-01,"Labour force",178.6,"v1643280150","1",FALSE,"Thousands, persons",5
2018-10-01,"Labour force",178.8,"v1643280150","1",FALSE,"Thousands, persons",5
2018-11-01,"Labour force",180,"v1643280150","1",FALSE,"Thousands, persons",5
2018-12-01,"Labour force",179.9,"v1643280150","1",FALSE,"Thousands, persons",5
2019-01-01,"Labour force",179.7,"v1643280150","1",FALSE,"Thousands, persons",5
2019-02-01,"Labour force",179.2,"v1643280150","1",FALSE,"Thousands, persons",5
2019-03-01,"Labour force",179.6,"v1643280150","1",FALSE,"Thousands, persons",5
2019-04-01,"Labour force",180,"v1643280150","1",FALSE,"Thousands, persons",5
2019-05-01,"Labour force",179.4,"v1643280150","1",FALSE,"Thousands, persons",5
2019-06-01,"Labour force",179,"v1643280150","1",FALSE,"Thousands, persons",5
2019-07-01,"Labour force",178.5,"v1643280150","1",FALSE,"Thousands, persons",5
2019-08-01,"Labour force",178.9,"v1643280150","1",FALSE,"Thousands, persons",5
2019-09-01,"Labour force",179.6,"v1643280150","1",FALSE,"Thousands, persons",5
2019-10-01,"Labour force",180.7,"v1643280150","1",FALSE,"Thousands, persons",5
2019-11-01,"Labour force",181.9,"v1643280150","1",FALSE,"Thousands, persons",5
2019-12-01,"Labour force",181.8,"v1643280150","1",FALSE,"Thousands, persons",5
2020-01-01,"Labour force",182.4,"v1643280150","1",FALSE,"Thousands, persons",5
2020-02-01,"Labour force",183.5,"v1643280150","1",FALSE,"Thousands, persons",5
2020-03-01,"Labour force",184.2,"v1643280150","1",FALSE,"Thousands, persons",5
2020-04-01,"Labour force",179.6,"v1643280150","1",FALSE,"Thousands, persons",5
2020-05-01,"Labour force",175.5,"v1643280150","1",FALSE,"Thousands, persons",5
2020-06-01,"Labour force",174.1,"v1643280150","1",FALSE,"Thousands, persons",5
2020-07-01,"Labour force",177.3,"v1643280150","1",FALSE,"Thousands, persons",5
2020-08-01,"Labour force",179.8,"v1643280150","1",FALSE,"Thousands, persons",5
2020-09-01,"Labour force",179.9,"v1643280150","1",FALSE,"Thousands, persons",5
2020-10-01,"Labour force",179.1,"v1643280150","1",FALSE,"Thousands, persons",5
2020-11-01,"Labour force",179,"v1643280150","1",FALSE,"Thousands, persons",5
2020-12-01,"Labour force",178,"v1643280150","1",FALSE,"Thousands, persons",5
2021-01-01,"Labour force",178.3,"v1643280150","1",FALSE,"Thousands, persons",5
2021-02-01,"Labour force",177.7,"v1643280150","1",FALSE,"Thousands, persons",5
2021-03-01,"Labour force",179.4,"v1643280150","1",FALSE,"Thousands, persons",5
2021-04-01,"Labour force",179.7,"v1643280150","1",FALSE,"Thousands, persons",5
2021-05-01,"Labour force",180.1,"v1643280150","1",FALSE,"Thousands, persons",5
2021-06-01,"Labour force",179.6,"v1643280150","1",FALSE,"Thousands, persons",5
2021-07-01,"Labour force",180.1,"v1643280150","1",FALSE,"Thousands, persons",5
2021-08-01,"Labour force",180.8,"v1643280150","1",FALSE,"Thousands, persons",5
2021-09-01,"Labour force",180.8,"v1643280150","1",FALSE,"Thousands, persons",5
2021-10-01,"Labour force",181.8,"v1643280150","1",FALSE,"Thousands, persons",5
2021-11-01,"Labour force",183.4,"v1643280150","1",FALSE,"Thousands, persons",5
2021-12-01,"Labour force",186.7,"v1643280150","1",FALSE,"Thousands, persons",5
2022-01-01,"Labour force",188.9,"v1643280150","1",FALSE,"Thousands, persons",5
2022-02-01,"Labour force",191.2,"v1643280150","1",FALSE,"Thousands, persons",5
2022-03-01,"Labour force",192.5,"v1643280150","1",FALSE,"Thousands, persons",5
2022-04-01,"Labour force",194.9,"v1643280150","1",FALSE,"Thousands, persons",5
2022-05-01,"Labour force",195.8,"v1643280150","1",FALSE,"Thousands, persons",5
2022-06-01,"Labour force",196,"v1643280150","1",FALSE,"Thousands, persons",5
2022-07-01,"Labour force",195.4,"v1643280150","1",FALSE,"Thousands, persons",5
2022-08-01,"Labour force",195.6,"v1643280150","1",FALSE,"Thousands, persons",5
2022-09-01,"Labour force",194.2,"v1643280150","1",FALSE,"Thousands, persons",5
2022-10-01,"Labour force",192.6,"v1643280150","1",FALSE,"Thousands, persons",5
2022-11-01,"Labour force",190.5,"v1643280150","1",FALSE,"Thousands, persons",5
2022-12-01,"Labour force",190.4,"v1643280150","1",FALSE,"Thousands, persons",5
2023-01-01,"Labour force",191.4,"v1643280150","1",FALSE,"Thousands, persons",5
2023-02-01,"Labour force",193.1,"v1643280150","1",FALSE,"Thousands, persons",5
2023-03-01,"Labour force",195.8,"v1643280150","1",FALSE,"Thousands, persons",5
2023-04-01,"Labour force",196.5,"v1643280150","1",FALSE,"Thousands, persons",5
2023-05-01,"Labour force",198.3,"v1643280150","1",FALSE,"Thousands, persons",5
2023-06-01,"Labour force",199.9,"v1643280150","1",FALSE,"Thousands, persons",5
2023-07-01,"Labour force",201.2,"v1643280150","1",FALSE,"Thousands, persons",5
2023-08-01,"Labour force",202.6,"v1643280150","1",FALSE,"Thousands, persons",5
2023-09-01,"Labour force",202.9,"v1643280150","1",FALSE,"Thousands, persons",5
2023-10-01,"Labour force",204.3,"v1643280150","1",FALSE,"Thousands, persons",5
2023-11-01,"Labour force",204.9,"v1643280150","1",FALSE,"Thousands, persons",5
2023-12-01,"Labour force",205.5,"v1643280150","1",FALSE,"Thousands, persons",5
2024-01-01,"Labour force",206.2,"v1643280150","1",FALSE,"Thousands, persons",5
2024-02-01,"Labour force",207.5,"v1643280150","1",FALSE,"Thousands, persons",5
2024-03-01,"Labour force",207.9,"v1643280150","1",FALSE,"Thousands, persons",5
2024-04-01,"Labour force",207.1,"v1643280150","1",FALSE,"Thousands, persons",5
2024-05-01,"Labour force",206.6,"v1643280150","1",FALSE,"Thousands, persons",5
2024-06-01,"Labour force",207.9,"v1643280150","1",FALSE,"Thousands, persons",5
2024-07-01,"Labour force",210.8,"v1643280150","1",FALSE,"Thousands, persons",5
2024-08-01,"Labour force",212.6,"v1643280150","1",FALSE,"Thousands, persons",5
2024-09-01,"Labour force",213.7,"v1643280150","1",FALSE,"Thousands, persons",5
2024-10-01,"Labour force",214.3,"v1643280150","1",FALSE,"Thousands, persons",5
2024-11-01,"Labour force",213.8,"v1643280150","1",FALSE,"Thousands, persons",5
2024-12-01,"Labour force",214.2,"v1643280150","1",FALSE,"Thousands, persons",5
2025-01-01,"Labour force",213.4,"v1643280150","1",FALSE,"Thousands, persons",5
2025-02-01,"Labour force",212.7,"v1643280150","1",FALSE,"Thousands, persons",5
2025-03-01,"Labour force",211.9,"v1643280150","1",FALSE,"Thousands, persons",5
2025-04-01,"Labour force",213.2,"v1643280150","1",FALSE,"Thousands, persons",5
2025-05-01,"Labour force",214,"v1643280150","1",FALSE,"Thousands, persons",5
2025-06-01,"Labour force",214.5,"v1643280150","1",FALSE,"Thousands, persons",5
2025-07-01,"Labour force",213.7,"v1643280150","1",FALSE,"Thousands, persons",5
2025-08-01,"Labour force",214.3,"v1643280150","1",FALSE,"Thousands, persons",5
2025-09-01,"Labour force",216,"v1643280150","1",FALSE,"Thousands, persons",5
2025-10-01,"Labour force",216.9,"v1643280150","1",FALSE,"Thousands, persons",5
2025-11-01,"Labour force",219.3,"v1643280150","1",FALSE,"Thousands, persons",5
2025-12-01,"Labour force",219.9,"v1643280150","1",FALSE,"Thousands, persons",5
2026-01-01,"Labour force",220.2,"v1643280150","1",FALSE,"Thousands, persons",5
2026-02-01,"Labour force",219.5,"v1643280150","1",FALSE,"Thousands, persons",5
2026-03-01,"Labour force",220.2,"v1643280150","1",FALSE,"Thousands, persons",5
2026-04-01,"Labour force",221.4,"v1643280150","1",FALSE,"Thousands, persons",5
2026-05-01,"Labour force",220,"v1643280150","1",FALSE,"Thousands, persons",5
2026-06-01,"Labour force",219.1,"v1643280150","1",FALSE,"Thousands, persons",5
2026-07-01,"Labour force",218.6,"v1643280150","1",FALSE,"Thousands, persons",5
2026-08-01,"Labour force",219.9,"v1643280150","1",FALSE,"Thousands, persons",5
