"date","label","value","VECTOR","DECIMALS","panel_label","is_ratio","display_order"
2018-01-01,"Total residential",115,"v1675217391","0","Units Authorized — Total",FALSE,1
2018-02-01,"Total residential",118,"v1675217391","0","Units Authorized — Total",FALSE,1
2018-03-01,"Total residential",215,"v1675217391","0","Units Authorized — Total",FALSE,1
2018-04-01,"Total residential",125,"v1675217391","0","Units Authorized — Total",FALSE,1
2018-05-01,"Total residential",164,"v1675217391","0","Units Authorized — Total",FALSE,1
2018-06-01,"Total residential",72,"v1675217391","0","Units Authorized — Total",FALSE,1
2018-07-01,"Total residential",147,"v1675217391","0","Units Authorized — Total",FALSE,1
2018-08-01,"Total residential",97,"v1675217391","0","Units Authorized — Total",FALSE,1
2018-09-01,"Total residential",191,"v1675217391","0","Units Authorized — Total",FALSE,1
2018-10-01,"Total residential",120,"v1675217391","0","Units Authorized — Total",FALSE,1
2018-11-01,"Total residential",153,"v1675217391","0","Units Authorized — Total",FALSE,1
2018-12-01,"Total residential",132,"v1675217391","0","Units Authorized — Total",FALSE,1
2019-01-01,"Total residential",203,"v1675217391","0","Units Authorized — Total",FALSE,1
2019-02-01,"Total residential",70,"v1675217391","0","Units Authorized — Total",FALSE,1
2019-03-01,"Total residential",95,"v1675217391","0","Units Authorized — Total",FALSE,1
2019-04-01,"Total residential",126,"v1675217391","0","Units Authorized — Total",FALSE,1
2019-05-01,"Total residential",125,"v1675217391","0","Units Authorized — Total",FALSE,1
2019-06-01,"Total residential",212,"v1675217391","0","Units Authorized — Total",FALSE,1
2019-07-01,"Total residential",152,"v1675217391","0","Units Authorized — Total",FALSE,1
2019-08-01,"Total residential",170,"v1675217391","0","Units Authorized — Total",FALSE,1
2019-09-01,"Total residential",103,"v1675217391","0","Units Authorized — Total",FALSE,1
2019-10-01,"Total residential",126,"v1675217391","0","Units Authorized — Total",FALSE,1
2019-11-01,"Total residential",113,"v1675217391","0","Units Authorized — Total",FALSE,1
2019-12-01,"Total residential",59,"v1675217391","0","Units Authorized — Total",FALSE,1
2020-01-01,"Total residential",134,"v1675217391","0","Units Authorized — Total",FALSE,1
2020-02-01,"Total residential",216,"v1675217391","0","Units Authorized — Total",FALSE,1
2020-03-01,"Total residential",93,"v1675217391","0","Units Authorized — Total",FALSE,1
2020-04-01,"Total residential",158,"v1675217391","0","Units Authorized — Total",FALSE,1
2020-05-01,"Total residential",149,"v1675217391","0","Units Authorized — Total",FALSE,1
2020-06-01,"Total residential",63,"v1675217391","0","Units Authorized — Total",FALSE,1
2020-07-01,"Total residential",215,"v1675217391","0","Units Authorized — Total",FALSE,1
2020-08-01,"Total residential",265,"v1675217391","0","Units Authorized — Total",FALSE,1
2020-09-01,"Total residential",139,"v1675217391","0","Units Authorized — Total",FALSE,1
2020-10-01,"Total residential",403,"v1675217391","0","Units Authorized — Total",FALSE,1
2020-11-01,"Total residential",192,"v1675217391","0","Units Authorized — Total",FALSE,1
2020-12-01,"Total residential",449,"v1675217391","0","Units Authorized — Total",FALSE,1
2021-01-01,"Total residential",195,"v1675217391","0","Units Authorized — Total",FALSE,1
2021-02-01,"Total residential",168,"v1675217391","0","Units Authorized — Total",FALSE,1
2021-03-01,"Total residential",211,"v1675217391","0","Units Authorized — Total",FALSE,1
2021-04-01,"Total residential",199,"v1675217391","0","Units Authorized — Total",FALSE,1
2021-05-01,"Total residential",188,"v1675217391","0","Units Authorized — Total",FALSE,1
2021-06-01,"Total residential",312,"v1675217391","0","Units Authorized — Total",FALSE,1
2021-07-01,"Total residential",137,"v1675217391","0","Units Authorized — Total",FALSE,1
2021-08-01,"Total residential",177,"v1675217391","0","Units Authorized — Total",FALSE,1
2021-09-01,"Total residential",353,"v1675217391","0","Units Authorized — Total",FALSE,1
2021-10-01,"Total residential",131,"v1675217391","0","Units Authorized — Total",FALSE,1
2021-11-01,"Total residential",303,"v1675217391","0","Units Authorized — Total",FALSE,1
2021-12-01,"Total residential",134,"v1675217391","0","Units Authorized — Total",FALSE,1
2022-01-01,"Total residential",201,"v1675217391","0","Units Authorized — Total",FALSE,1
2022-02-01,"Total residential",153,"v1675217391","0","Units Authorized — Total",FALSE,1
2022-03-01,"Total residential",373,"v1675217391","0","Units Authorized — Total",FALSE,1
2022-04-01,"Total residential",292,"v1675217391","0","Units Authorized — Total",FALSE,1
2022-05-01,"Total residential",158,"v1675217391","0","Units Authorized — Total",FALSE,1
2022-06-01,"Total residential",261,"v1675217391","0","Units Authorized — Total",FALSE,1
2022-07-01,"Total residential",209,"v1675217391","0","Units Authorized — Total",FALSE,1
2022-08-01,"Total residential",90,"v1675217391","0","Units Authorized — Total",FALSE,1
2022-09-01,"Total residential",136,"v1675217391","0","Units Authorized — Total",FALSE,1
2022-10-01,"Total residential",132,"v1675217391","0","Units Authorized — Total",FALSE,1
2022-11-01,"Total residential",107,"v1675217391","0","Units Authorized — Total",FALSE,1
2022-12-01,"Total residential",157,"v1675217391","0","Units Authorized — Total",FALSE,1
2023-01-01,"Total residential",291,"v1675217391","0","Units Authorized — Total",FALSE,1
2023-02-01,"Total residential",609,"v1675217391","0","Units Authorized — Total",FALSE,1
2023-03-01,"Total residential",124,"v1675217391","0","Units Authorized — Total",FALSE,1
2023-04-01,"Total residential",164,"v1675217391","0","Units Authorized — Total",FALSE,1
2023-05-01,"Total residential",268,"v1675217391","0","Units Authorized — Total",FALSE,1
2023-06-01,"Total residential",91,"v1675217391","0","Units Authorized — Total",FALSE,1
2023-07-01,"Total residential",128,"v1675217391","0","Units Authorized — Total",FALSE,1
2023-08-01,"Total residential",259,"v1675217391","0","Units Authorized — Total",FALSE,1
2023-09-01,"Total residential",123,"v1675217391","0","Units Authorized — Total",FALSE,1
2023-10-01,"Total residential",266,"v1675217391","0","Units Authorized — Total",FALSE,1
2023-11-01,"Total residential",286,"v1675217391","0","Units Authorized — Total",FALSE,1
2023-12-01,"Total residential",213,"v1675217391","0","Units Authorized — Total",FALSE,1
2024-01-01,"Total residential",83,"v1675217391","0","Units Authorized — Total",FALSE,1
2024-02-01,"Total residential",168,"v1675217391","0","Units Authorized — Total",FALSE,1
2024-03-01,"Total residential",155,"v1675217391","0","Units Authorized — Total",FALSE,1
2024-04-01,"Total residential",214,"v1675217391","0","Units Authorized — Total",FALSE,1
2024-05-01,"Total residential",401,"v1675217391","0","Units Authorized — Total",FALSE,1
2024-06-01,"Total residential",336,"v1675217391","0","Units Authorized — Total",FALSE,1
2024-07-01,"Total residential",506,"v1675217391","0","Units Authorized — Total",FALSE,1
2024-08-01,"Total residential",403,"v1675217391","0","Units Authorized — Total",FALSE,1
2024-09-01,"Total residential",514,"v1675217391","0","Units Authorized — Total",FALSE,1
2024-10-01,"Total residential",242,"v1675217391","0","Units Authorized — Total",FALSE,1
2024-11-01,"Total residential",283,"v1675217391","0","Units Authorized — Total",FALSE,1
2024-12-01,"Total residential",258,"v1675217391","0","Units Authorized — Total",FALSE,1
2025-01-01,"Total residential",284,"v1675217391","0","Units Authorized — Total",FALSE,1
2025-02-01,"Total residential",303,"v1675217391","0","Units Authorized — Total",FALSE,1
2025-03-01,"Total residential",377,"v1675217391","0","Units Authorized — Total",FALSE,1
2025-04-01,"Total residential",403,"v1675217391","0","Units Authorized — Total",FALSE,1
2025-05-01,"Total residential",202,"v1675217391","0","Units Authorized — Total",FALSE,1
2025-06-01,"Total residential",340,"v1675217391","0","Units Authorized — Total",FALSE,1
2025-07-01,"Total residential",297,"v1675217391","0","Units Authorized — Total",FALSE,1
2025-08-01,"Total residential",324,"v1675217391","0","Units Authorized — Total",FALSE,1
2025-09-01,"Total residential",338,"v1675217391","0","Units Authorized — Total",FALSE,1
2025-10-01,"Total residential",470,"v1675217391","0","Units Authorized — Total",FALSE,1
2025-11-01,"Total residential",375,"v1675217391","0","Units Authorized — Total",FALSE,1
2025-12-01,"Total residential",564,"v1675217391","0","Units Authorized — Total",FALSE,1
2026-01-01,"Total residential",605,"v1675217391","0","Units Authorized — Total",FALSE,1
2026-02-01,"Total residential",330,"v1675217391","0","Units Authorized — Total",FALSE,1
2026-03-01,"Total residential",558,"v1675217391","0","Units Authorized — Total",FALSE,1
2026-04-01,"Total residential",420,"v1675217391","0","Units Authorized — Total",FALSE,1
2026-05-01,"Total residential",372,"v1675217391","0","Units Authorized — Total",FALSE,1
2026-06-01,"Total residential",483,"v1675217391","0","Units Authorized — Total",FALSE,1
